Mapping ID,Employee ID,Employee dimensions,Component,GL account,GL dimensions,Evidence ID,Entity,Payroll run,Payroll ledger,GL ledger,Currency,Currency basis,Posting status,Posting layer,Period start,Period end,Payroll posting date,Payment date,Bank account,Payout reference,Chart version,Map version,Payroll policy version,Bank mapping version,Account set version
MAP-A-gross-expense,A,department=01,gross-expense,GL-gross-expense,branch=01,POL-A-gross-expense,Synthetic Payroll Owner,RUN-2026-09,PAYROLL-BOOK,GL-BOOK,SAR,functional,posted,Current,2026-09-01,2026-09-30,2026-09-30,2026-10-01,BANK-001,PAYOUT-2026-09,CHART-1,MAP-1,PAYROLL-POL-1,BANK-MAP-1,ACCOUNT-SET-1
MAP-A-employee-deduction-payable,A,department=01,employee-deduction-payable,GL-employee-deduction-payable,branch=01,POL-A-employee-deduction-payable,Synthetic Payroll Owner,RUN-2026-09,PAYROLL-BOOK,GL-BOOK,SAR,functional,posted,Current,2026-09-01,2026-09-30,2026-09-30,2026-10-01,BANK-001,PAYOUT-2026-09,CHART-1,MAP-1,PAYROLL-POL-1,BANK-MAP-1,ACCOUNT-SET-1
MAP-A-net-payable,A,department=01,net-payable,GL-net-payable,branch=01,POL-A-net-payable,Synthetic Payroll Owner,RUN-2026-09,PAYROLL-BOOK,GL-BOOK,SAR,functional,posted,Current,2026-09-01,2026-09-30,2026-09-30,2026-10-01,BANK-001,PAYOUT-2026-09,CHART-1,MAP-1,PAYROLL-POL-1,BANK-MAP-1,ACCOUNT-SET-1
MAP-A-employer-expense,A,department=01,employer-expense,GL-employer-expense,branch=01,POL-A-employer-expense,Synthetic Payroll Owner,RUN-2026-09,PAYROLL-BOOK,GL-BOOK,SAR,functional,posted,Current,2026-09-01,2026-09-30,2026-09-30,2026-10-01,BANK-001,PAYOUT-2026-09,CHART-1,MAP-1,PAYROLL-POL-1,BANK-MAP-1,ACCOUNT-SET-1
MAP-A-employer-payable,A,department=01,employer-payable,GL-employer-payable,branch=01,POL-A-employer-payable,Synthetic Payroll Owner,RUN-2026-09,PAYROLL-BOOK,GL-BOOK,SAR,functional,posted,Current,2026-09-01,2026-09-30,2026-09-30,2026-10-01,BANK-001,PAYOUT-2026-09,CHART-1,MAP-1,PAYROLL-POL-1,BANK-MAP-1,ACCOUNT-SET-1
MAP-A-net-clearing,A,department=01,net-clearing,GL-net-payable,branch=01,POL-A-net-clearing,Synthetic Payroll Owner,RUN-2026-09,PAYROLL-BOOK,GL-BOOK,SAR,functional,posted,Current,2026-09-01,2026-09-30,2026-09-30,2026-10-01,BANK-001,PAYOUT-2026-09,CHART-1,MAP-1,PAYROLL-POL-1,BANK-MAP-1,ACCOUNT-SET-1
MAP-A-bank-cash,A,department=01,bank-cash,GL-bank-cash,branch=01,POL-A-bank-cash,Synthetic Payroll Owner,RUN-2026-09,PAYROLL-BOOK,GL-BOOK,SAR,functional,posted,Current,2026-09-01,2026-09-30,2026-09-30,2026-10-01,BANK-001,PAYOUT-2026-09,CHART-1,MAP-1,PAYROLL-POL-1,BANK-MAP-1,ACCOUNT-SET-1
MAP-A-gross-expense,B,department=02,gross-expense,GL-gross-expense,branch=01,POL-B-gross-expense,Synthetic Payroll Owner,RUN-2026-09,PAYROLL-BOOK,GL-BOOK,SAR,functional,posted,Current,2026-09-01,2026-09-30,2026-09-30,2026-10-01,BANK-001,PAYOUT-2026-09,CHART-1,MAP-1,PAYROLL-POL-1,BANK-MAP-1,ACCOUNT-SET-1
MAP-B-employee-deduction-payable,B,department=02,employee-deduction-payable,GL-employee-deduction-payable,branch=01,POL-B-employee-deduction-payable,Synthetic Payroll Owner,RUN-2026-09,PAYROLL-BOOK,GL-BOOK,SAR,functional,posted,Current,2026-09-01,2026-09-30,2026-09-30,2026-10-01,BANK-001,PAYOUT-2026-09,CHART-1,MAP-1,PAYROLL-POL-1,BANK-MAP-1,ACCOUNT-SET-1
MAP-B-net-payable,B,department=02,net-payable,GL-net-payable,branch=01,POL-B-net-payable,Synthetic Payroll Owner,RUN-2026-09,PAYROLL-BOOK,GL-BOOK,SAR,functional,posted,Current,2026-09-01,2026-09-30,2026-09-30,2026-10-01,BANK-001,PAYOUT-2026-09,CHART-1,MAP-1,PAYROLL-POL-1,BANK-MAP-1,ACCOUNT-SET-1
MAP-B-employer-expense,B,department=02,employer-expense,GL-employer-expense,branch=01,POL-B-employer-expense,Synthetic Payroll Owner,RUN-2026-09,PAYROLL-BOOK,GL-BOOK,SAR,functional,posted,Current,2026-09-01,2026-09-30,2026-09-30,2026-10-01,BANK-001,PAYOUT-2026-09,CHART-1,MAP-1,PAYROLL-POL-1,BANK-MAP-1,ACCOUNT-SET-1
MAP-B-employer-payable,B,department=02,employer-payable,GL-employer-payable,branch=01,POL-B-employer-payable,Synthetic Payroll Owner,RUN-2026-09,PAYROLL-BOOK,GL-BOOK,SAR,functional,posted,Current,2026-09-01,2026-09-30,2026-09-30,2026-10-01,BANK-001,PAYOUT-2026-09,CHART-1,MAP-1,PAYROLL-POL-1,BANK-MAP-1,ACCOUNT-SET-1
MAP-B-net-clearing,B,department=02,net-clearing,GL-net-payable,branch=01,POL-B-net-clearing,Synthetic Payroll Owner,RUN-2026-09,PAYROLL-BOOK,GL-BOOK,SAR,functional,posted,Current,2026-09-01,2026-09-30,2026-09-30,2026-10-01,BANK-001,PAYOUT-2026-09,CHART-1,MAP-1,PAYROLL-POL-1,BANK-MAP-1,ACCOUNT-SET-1
MAP-B-bank-cash,B,department=02,bank-cash,GL-bank-cash,branch=01,POL-B-bank-cash,Synthetic Payroll Owner,RUN-2026-09,PAYROLL-BOOK,GL-BOOK,SAR,functional,posted,Current,2026-09-01,2026-09-30,2026-09-30,2026-10-01,BANK-001,PAYOUT-2026-09,CHART-1,MAP-1,PAYROLL-POL-1,BANK-MAP-1,ACCOUNT-SET-1
