Date,Document No,Reference,Document Type,Bank Reference,Receipt No,AP Voucher,PO,Description,Amount,Currency
2026-09-24,PMT-204,PAY-204,Payment,BANK-530,,L-LIMIT-001,,Posting record,-1.00,SAR
2026-09-24,PMT-204,PAY-204,Payment,BANK-530,,L-LIMIT-002,,Posting record,-1.00,SAR
2026-09-24,PMT-204,PAY-204,Payment,BANK-530,,L-LIMIT-003,,Posting record,-1.00,SAR
2026-09-24,PMT-204,PAY-204,Payment,BANK-530,,L-LIMIT-004,,Posting record,-1.00,SAR
2026-09-24,PMT-204,PAY-204,Payment,BANK-530,,L-LIMIT-005,,Posting record,-1.00,SAR
2026-09-24,PMT-204,PAY-204,Payment,BANK-530,,L-LIMIT-006,,Posting record,-1.00,SAR
2026-09-24,PMT-204,PAY-204,Payment,BANK-530,,L-LIMIT-007,,Posting record,-1.00,SAR
2026-09-24,PMT-204,PAY-204,Payment,BANK-530,,L-LIMIT-008,,Posting record,-1.00,SAR
2026-09-24,PMT-204,PAY-204,Payment,BANK-530,,L-LIMIT-009,,Posting record,-1.00,SAR
2026-09-24,PMT-204,PAY-204,Payment,BANK-530,,L-LIMIT-010,,Posting record,-1.00,SAR
2026-09-24,PMT-204,PAY-204,Payment,BANK-530,,L-LIMIT-011,,Posting record,-1.00,SAR
2026-09-24,PMT-204,PAY-204,Payment,BANK-530,,L-LIMIT-012,,Posting record,-1.00,SAR
2026-09-24,PMT-204,PAY-204,Payment,BANK-530,,L-LIMIT-013,,Posting record,-1.00,SAR
2026-09-24,PMT-204,PAY-204,Payment,BANK-530,,L-LIMIT-014,,Posting record,-1.00,SAR
2026-09-24,PMT-204,PAY-204,Payment,BANK-530,,L-LIMIT-015,,Posting record,-1.00,SAR
2026-09-24,PMT-204,PAY-204,Payment,BANK-530,,L-LIMIT-016,,Posting record,-1.00,SAR
2026-09-24,PMT-204,PAY-204,Payment,BANK-530,,L-LIMIT-017,,Posting record,-1.00,SAR
2026-09-24,PMT-204,PAY-204,Payment,BANK-530,,L-LIMIT-018,,Posting record,-1.00,SAR
2026-09-24,PMT-204,PAY-204,Payment,BANK-530,,L-LIMIT-019,,Posting record,-1.00,SAR
2026-09-24,PMT-204,PAY-204,Payment,BANK-530,,L-LIMIT-020,,Posting record,-1.00,SAR
2026-09-24,PMT-204,PAY-204,Payment,BANK-530,,L-LIMIT-021,,Posting record,-1.00,SAR
2026-09-24,PMT-204,PAY-204,Payment,BANK-530,,L-LIMIT-022,,Posting record,-1.00,SAR
2026-09-24,PMT-204,PAY-204,Payment,BANK-530,,L-LIMIT-023,,Posting record,-1.00,SAR
2026-09-24,PMT-204,PAY-204,Payment,BANK-530,,L-LIMIT-024,,Posting record,-1.00,SAR
2026-09-24,PMT-204,PAY-204,Payment,BANK-530,,L-LIMIT-025,,Posting record,-1.00,SAR
2026-09-24,PMT-204,PAY-204,Payment,BANK-530,,L-LIMIT-026,,Posting record,-1.00,SAR
2026-09-24,PMT-204,PAY-204,Payment,BANK-530,,L-LIMIT-027,,Posting record,-1.00,SAR
2026-09-24,PMT-204,PAY-204,Payment,BANK-530,,L-LIMIT-028,,Posting record,-1.00,SAR
2026-09-24,PMT-204,PAY-204,Payment,BANK-530,,L-LIMIT-029,,Posting record,-1.00,SAR
2026-09-24,PMT-204,PAY-204,Payment,BANK-530,,L-LIMIT-030,,Posting record,-1.00,SAR
2026-09-24,PMT-204,PAY-204,Payment,BANK-530,,L-LIMIT-031,,Posting record,-1.00,SAR
2026-09-24,PMT-204,PAY-204,Payment,BANK-530,,L-LIMIT-032,,Posting record,-1.00,SAR
2026-09-24,PMT-204,PAY-204,Payment,BANK-530,,L-LIMIT-033,,Posting record,-1.00,SAR
2026-09-24,PMT-204,PAY-204,Payment,BANK-530,,L-LIMIT-034,,Posting record,-1.00,SAR
2026-09-24,PMT-204,PAY-204,Payment,BANK-530,,L-LIMIT-035,,Posting record,-1.00,SAR
2026-09-24,PMT-204,PAY-204,Payment,BANK-530,,L-LIMIT-036,,Posting record,-1.00,SAR
2026-09-24,PMT-204,PAY-204,Payment,BANK-530,,L-LIMIT-037,,Posting record,-1.00,SAR
2026-09-24,PMT-204,PAY-204,Payment,BANK-530,,L-LIMIT-038,,Posting record,-1.00,SAR
2026-09-24,PMT-204,PAY-204,Payment,BANK-530,,L-LIMIT-039,,Posting record,-1.00,SAR
2026-09-24,PMT-204,PAY-204,Payment,BANK-530,,L-LIMIT-040,,Posting record,-1.00,SAR
2026-09-24,PMT-204,PAY-204,Payment,BANK-530,,L-LIMIT-041,,Posting record,-1.00,SAR
2026-09-24,PMT-204,PAY-204,Payment,BANK-530,,L-LIMIT-042,,Posting record,-1.00,SAR
2026-09-24,PMT-204,PAY-204,Payment,BANK-530,,L-LIMIT-043,,Posting record,-1.00,SAR
2026-09-24,PMT-204,PAY-204,Payment,BANK-530,,L-LIMIT-044,,Posting record,-1.00,SAR
2026-09-24,PMT-204,PAY-204,Payment,BANK-530,,L-LIMIT-045,,Posting record,-1.00,SAR
2026-09-24,PMT-204,PAY-204,Payment,BANK-530,,L-LIMIT-046,,Posting record,-1.00,SAR
2026-09-24,PMT-204,PAY-204,Payment,BANK-530,,L-LIMIT-047,,Posting record,-1.00,SAR
2026-09-24,PMT-204,PAY-204,Payment,BANK-530,,L-LIMIT-048,,Posting record,-1.00,SAR
2026-09-24,PMT-204,PAY-204,Payment,BANK-530,,L-LIMIT-049,,Posting record,-1.00,SAR
2026-09-24,PMT-204,PAY-204,Payment,BANK-530,,L-LIMIT-050,,Posting record,-1.00,SAR
2026-09-24,PMT-204,PAY-204,Payment,BANK-530,,L-LIMIT-051,,Posting record,-1.00,SAR
2026-09-24,PMT-204,PAY-204,Payment,BANK-530,,L-LIMIT-052,,Posting record,-1.00,SAR
2026-09-24,PMT-204,PAY-204,Payment,BANK-530,,L-LIMIT-053,,Posting record,-1.00,SAR
2026-09-24,PMT-204,PAY-204,Payment,BANK-530,,L-LIMIT-054,,Posting record,-1.00,SAR
2026-09-24,PMT-204,PAY-204,Payment,BANK-530,,L-LIMIT-055,,Posting record,-1.00,SAR
2026-09-24,PMT-204,PAY-204,Payment,BANK-530,,L-LIMIT-056,,Posting record,-1.00,SAR
2026-09-24,PMT-204,PAY-204,Payment,BANK-530,,L-LIMIT-057,,Posting record,-1.00,SAR
2026-09-24,PMT-204,PAY-204,Payment,BANK-530,,L-LIMIT-058,,Posting record,-1.00,SAR
2026-09-24,PMT-204,PAY-204,Payment,BANK-530,,L-LIMIT-059,,Posting record,-1.00,SAR
2026-09-24,PMT-204,PAY-204,Payment,BANK-530,,L-LIMIT-060,,Posting record,-1.00,SAR
2026-09-24,PMT-204,PAY-204,Payment,BANK-530,,L-LIMIT-061,,Posting record,-1.00,SAR
2026-09-24,PMT-204,PAY-204,Payment,BANK-530,,L-LIMIT-062,,Posting record,-1.00,SAR
2026-09-24,PMT-204,PAY-204,Payment,BANK-530,,L-LIMIT-063,,Posting record,-1.00,SAR
2026-09-24,PMT-204,PAY-204,Payment,BANK-530,,L-LIMIT-064,,Posting record,-1.00,SAR
2026-09-24,PMT-204,PAY-204,Payment,BANK-530,,L-LIMIT-065,,Posting record,-1.00,SAR
2026-09-24,PMT-204,PAY-204,Payment,BANK-530,,L-LIMIT-066,,Posting record,-1.00,SAR
2026-09-24,PMT-204,PAY-204,Payment,BANK-530,,L-LIMIT-067,,Posting record,-1.00,SAR
2026-09-24,PMT-204,PAY-204,Payment,BANK-530,,L-LIMIT-068,,Posting record,-1.00,SAR
2026-09-24,PMT-204,PAY-204,Payment,BANK-530,,L-LIMIT-069,,Posting record,-1.00,SAR
2026-09-24,PMT-204,PAY-204,Payment,BANK-530,,L-LIMIT-070,,Posting record,-1.00,SAR
2026-09-24,PMT-204,PAY-204,Payment,BANK-530,,L-LIMIT-071,,Posting record,-1.00,SAR
2026-09-24,PMT-204,PAY-204,Payment,BANK-530,,L-LIMIT-072,,Posting record,-1.00,SAR
2026-09-24,PMT-204,PAY-204,Payment,BANK-530,,L-LIMIT-073,,Posting record,-1.00,SAR
2026-09-24,PMT-204,PAY-204,Payment,BANK-530,,L-LIMIT-074,,Posting record,-1.00,SAR
2026-09-24,PMT-204,PAY-204,Payment,BANK-530,,L-LIMIT-075,,Posting record,-1.00,SAR
2026-09-24,PMT-204,PAY-204,Payment,BANK-530,,L-LIMIT-076,,Posting record,-1.00,SAR
2026-09-24,PMT-204,PAY-204,Payment,BANK-530,,L-LIMIT-077,,Posting record,-1.00,SAR
2026-09-24,PMT-204,PAY-204,Payment,BANK-530,,L-LIMIT-078,,Posting record,-1.00,SAR
2026-09-24,PMT-204,PAY-204,Payment,BANK-530,,L-LIMIT-079,,Posting record,-1.00,SAR
2026-09-24,PMT-204,PAY-204,Payment,BANK-530,,L-LIMIT-080,,Posting record,-1.00,SAR
2026-09-24,PMT-204,PAY-204,Payment,BANK-530,,L-LIMIT-081,,Posting record,-1.00,SAR
2026-09-24,PMT-204,PAY-204,Payment,BANK-530,,L-LIMIT-082,,Posting record,-1.00,SAR
2026-09-24,PMT-204,PAY-204,Payment,BANK-530,,L-LIMIT-083,,Posting record,-1.00,SAR
2026-09-24,PMT-204,PAY-204,Payment,BANK-530,,L-LIMIT-084,,Posting record,-1.00,SAR
2026-09-24,PMT-204,PAY-204,Payment,BANK-530,,L-LIMIT-085,,Posting record,-1.00,SAR
2026-09-24,PMT-204,PAY-204,Payment,BANK-530,,L-LIMIT-086,,Posting record,-1.00,SAR
2026-09-24,PMT-204,PAY-204,Payment,BANK-530,,L-LIMIT-087,,Posting record,-1.00,SAR
2026-09-24,PMT-204,PAY-204,Payment,BANK-530,,L-LIMIT-088,,Posting record,-1.00,SAR
2026-09-24,PMT-204,PAY-204,Payment,BANK-530,,L-LIMIT-089,,Posting record,-1.00,SAR
2026-09-24,PMT-204,PAY-204,Payment,BANK-530,,L-LIMIT-090,,Posting record,-1.00,SAR
2026-09-24,PMT-204,PAY-204,Payment,BANK-530,,L-LIMIT-091,,Posting record,-1.00,SAR
2026-09-24,PMT-204,PAY-204,Payment,BANK-530,,L-LIMIT-092,,Posting record,-1.00,SAR
2026-09-24,PMT-204,PAY-204,Payment,BANK-530,,L-LIMIT-093,,Posting record,-1.00,SAR
2026-09-24,PMT-204,PAY-204,Payment,BANK-530,,L-LIMIT-094,,Posting record,-1.00,SAR
2026-09-24,PMT-204,PAY-204,Payment,BANK-530,,L-LIMIT-095,,Posting record,-1.00,SAR
2026-09-24,PMT-204,PAY-204,Payment,BANK-530,,L-LIMIT-096,,Posting record,-1.00,SAR
2026-09-24,PMT-204,PAY-204,Payment,BANK-530,,L-LIMIT-097,,Posting record,-1.00,SAR
2026-09-24,PMT-204,PAY-204,Payment,BANK-530,,L-LIMIT-098,,Posting record,-1.00,SAR
2026-09-24,PMT-204,PAY-204,Payment,BANK-530,,L-LIMIT-099,,Posting record,-1.00,SAR
2026-09-24,PMT-204,PAY-204,Payment,BANK-530,,L-LIMIT-100,,Posting record,-1.00,SAR
2026-09-24,PMT-204,PAY-204,Payment,BANK-530,,L-LIMIT-101,,Posting record,-1.00,SAR
