Date,Reference,Amount,Description
2026-07-15,INV-PART-001,100.00,Invoice
2026-07-15,INV-PART-ERR-1,unread-1,Invoice
2026-07-15,INV-PART-ERR-2,unread-2,Invoice
2026-07-15,INV-PART-ERR-3,unread-3,Invoice
2026-07-15,INV-PART-ERR-4,unread-4,Invoice
2026-07-15,INV-PART-ERR-5,unread-5,Invoice
2026-07-15,INV-PART-ERR-6,unread-6,Invoice
2026-07-15,INV-PART-ERR-7,unread-7,Invoice
2026-07-15,INV-PART-ERR-8,unread-8,Invoice
2026-07-15,INV-PART-ERR-9,unread-9,Invoice
2026-07-15,INV-PART-ERR-10,unread-10,Invoice
2026-07-15,INV-PART-ERR-11,unread-11,Invoice
2026-07-15,INV-PART-ERR-12,unread-12,Invoice
2026-07-15,INV-PART-ERR-13,unread-13,Invoice
2026-07-15,INV-PART-002,250.00,Invoice
