Date,Reference,Description,Debit,Credit
2026-09-17,CAP-001,Synthetic capacity movement,0.01,0.00
2026-09-17,CAP-001,Synthetic capacity movement,0.01,0.00
2026-09-17,CAP-001,Synthetic capacity movement,0.01,0.00
2026-09-17,CAP-001,Synthetic capacity movement,0.01,0.00
2026-09-17,CAP-001,Synthetic capacity movement,0.01,0.00
2026-09-17,CAP-001,Synthetic capacity movement,0.01,0.00
2026-09-17,CAP-001,Synthetic capacity movement,0.01,0.00
2026-09-17,CAP-001,Synthetic capacity movement,0.01,0.00
2026-09-17,CAP-001,Synthetic capacity movement,0.01,0.00
2026-09-17,CAP-001,Synthetic capacity movement,0.01,0.00
2026-09-17,CAP-001,Synthetic capacity movement,0.01,0.00
2026-09-17,CAP-001,Synthetic capacity movement,0.01,0.00
2026-09-17,CAP-001,Synthetic capacity movement,0.01,0.00
2026-09-17,CAP-001,Synthetic capacity movement,0.01,0.00
2026-09-17,CAP-001,Synthetic capacity movement,0.01,0.00
2026-09-17,CAP-001,Synthetic capacity movement,0.01,0.00
2026-09-17,CAP-001,Synthetic capacity movement,0.01,0.00
2026-09-17,CAP-001,Synthetic capacity movement,0.01,0.00
2026-09-17,CAP-001,Synthetic capacity movement,0.01,0.00
2026-09-17,CAP-001,Synthetic capacity movement,0.01,0.00
2026-09-17,CAP-001,Synthetic capacity movement,0.01,0.00
2026-09-17,CAP-001,Synthetic capacity movement,0.01,0.00
2026-09-17,CAP-001,Synthetic capacity movement,0.01,0.00
2026-09-17,CAP-001,Synthetic capacity movement,0.01,0.00
2026-09-17,CAP-001,Synthetic capacity movement,0.01,0.00
2026-09-17,CAP-001,Synthetic capacity movement,0.01,0.00
2026-09-17,CAP-001,Synthetic capacity movement,0.01,0.00
2026-09-17,CAP-001,Synthetic capacity movement,0.01,0.00
2026-09-17,CAP-001,Synthetic capacity movement,0.01,0.00
2026-09-17,CAP-001,Synthetic capacity movement,0.01,0.00
2026-09-17,CAP-002,Synthetic capacity movement,0.01,0.00
2026-09-17,CAP-002,Synthetic capacity movement,0.01,0.00
2026-09-17,CAP-002,Synthetic capacity movement,0.01,0.00
2026-09-17,CAP-002,Synthetic capacity movement,0.01,0.00
2026-09-17,CAP-002,Synthetic capacity movement,0.01,0.00
2026-09-17,CAP-002,Synthetic capacity movement,0.01,0.00
2026-09-17,CAP-002,Synthetic capacity movement,0.01,0.00
2026-09-17,CAP-002,Synthetic capacity movement,0.01,0.00
2026-09-17,CAP-002,Synthetic capacity movement,0.01,0.00
2026-09-17,CAP-002,Synthetic capacity movement,0.01,0.00
2026-09-17,CAP-002,Synthetic capacity movement,0.01,0.00
2026-09-17,CAP-002,Synthetic capacity movement,0.01,0.00
2026-09-17,CAP-002,Synthetic capacity movement,0.01,0.00
2026-09-17,CAP-002,Synthetic capacity movement,0.01,0.00
2026-09-17,CAP-002,Synthetic capacity movement,0.01,0.00
2026-09-17,CAP-002,Synthetic capacity movement,0.01,0.00
2026-09-17,CAP-002,Synthetic capacity movement,0.01,0.00
2026-09-17,CAP-002,Synthetic capacity movement,0.01,0.00
2026-09-17,CAP-002,Synthetic capacity movement,0.01,0.00
2026-09-17,CAP-002,Synthetic capacity movement,0.01,0.00
2026-09-17,CAP-002,Synthetic capacity movement,0.01,0.00
2026-09-17,CAP-002,Synthetic capacity movement,0.01,0.00
2026-09-17,CAP-002,Synthetic capacity movement,0.01,0.00
2026-09-17,CAP-002,Synthetic capacity movement,0.01,0.00
2026-09-17,CAP-002,Synthetic capacity movement,0.01,0.00
2026-09-17,CAP-002,Synthetic capacity movement,0.01,0.00
2026-09-17,CAP-002,Synthetic capacity movement,0.01,0.00
2026-09-17,CAP-002,Synthetic capacity movement,0.01,0.00
2026-09-17,CAP-002,Synthetic capacity movement,0.01,0.00
2026-09-17,CAP-002,Synthetic capacity movement,0.01,0.00
2026-09-17,CAP-003,Synthetic capacity movement,0.01,0.00
2026-09-17,CAP-003,Synthetic capacity movement,0.01,0.00
2026-09-17,CAP-003,Synthetic capacity movement,0.01,0.00
2026-09-17,CAP-003,Synthetic capacity movement,0.01,0.00
2026-09-17,CAP-003,Synthetic capacity movement,0.01,0.00
2026-09-17,CAP-003,Synthetic capacity movement,0.01,0.00
2026-09-17,CAP-003,Synthetic capacity movement,0.01,0.00
2026-09-17,CAP-003,Synthetic capacity movement,0.01,0.00
2026-09-17,CAP-003,Synthetic capacity movement,0.01,0.00
2026-09-17,CAP-003,Synthetic capacity movement,0.01,0.00
2026-09-17,CAP-003,Synthetic capacity movement,0.01,0.00
2026-09-17,CAP-003,Synthetic capacity movement,0.01,0.00
2026-09-17,CAP-003,Synthetic capacity movement,0.01,0.00
2026-09-17,CAP-003,Synthetic capacity movement,0.01,0.00
2026-09-17,CAP-003,Synthetic capacity movement,0.01,0.00
2026-09-17,CAP-003,Synthetic capacity movement,0.01,0.00
2026-09-17,CAP-003,Synthetic capacity movement,0.01,0.00
2026-09-17,CAP-003,Synthetic capacity movement,0.01,0.00
2026-09-17,CAP-003,Synthetic capacity movement,0.01,0.00
2026-09-17,CAP-003,Synthetic capacity movement,0.01,0.00
2026-09-17,CAP-003,Synthetic capacity movement,0.01,0.00
2026-09-17,CAP-003,Synthetic capacity movement,0.01,0.00
2026-09-17,CAP-003,Synthetic capacity movement,0.01,0.00
2026-09-17,CAP-003,Synthetic capacity movement,0.01,0.00
2026-09-17,CAP-003,Synthetic capacity movement,0.01,0.00
2026-09-17,CAP-003,Synthetic capacity movement,0.01,0.00
2026-09-17,CAP-003,Synthetic capacity movement,0.01,0.00
2026-09-17,CAP-003,Synthetic capacity movement,0.01,0.00
2026-09-17,CAP-003,Synthetic capacity movement,0.01,0.00
2026-09-17,CAP-003,Synthetic capacity movement,0.01,0.00
2026-09-17,CAP-004,Synthetic capacity movement,0.01,0.00
2026-09-17,CAP-004,Synthetic capacity movement,0.01,0.00
2026-09-17,CAP-004,Synthetic capacity movement,0.01,0.00
2026-09-17,CAP-004,Synthetic capacity movement,0.01,0.00
2026-09-17,CAP-004,Synthetic capacity movement,0.01,0.00
2026-09-17,CAP-004,Synthetic capacity movement,0.01,0.00
2026-09-17,CAP-004,Synthetic capacity movement,0.01,0.00
2026-09-17,CAP-004,Synthetic capacity movement,0.01,0.00
2026-09-17,CAP-004,Synthetic capacity movement,0.01,0.00
2026-09-17,CAP-004,Synthetic capacity movement,0.01,0.00
2026-09-17,CAP-004,Synthetic capacity movement,0.01,0.00
2026-09-17,CAP-004,Synthetic capacity movement,0.01,0.00
2026-09-17,CAP-004,Synthetic capacity movement,0.01,0.00
2026-09-17,CAP-004,Synthetic capacity movement,0.01,0.00
2026-09-17,CAP-004,Synthetic capacity movement,0.01,0.00
2026-09-17,CAP-004,Synthetic capacity movement,0.01,0.00
2026-09-17,CAP-004,Synthetic capacity movement,0.01,0.00
2026-09-17,CAP-004,Synthetic capacity movement,0.01,0.00
2026-09-17,CAP-004,Synthetic capacity movement,0.01,0.00
2026-09-17,CAP-004,Synthetic capacity movement,0.01,0.00
2026-09-17,CAP-004,Synthetic capacity movement,0.01,0.00
2026-09-17,CAP-004,Synthetic capacity movement,0.01,0.00
2026-09-17,CAP-004,Synthetic capacity movement,0.01,0.00
2026-09-17,CAP-004,Synthetic capacity movement,0.01,0.00
2026-09-17,CAP-004,Synthetic capacity movement,0.01,0.00
2026-09-17,CAP-004,Synthetic capacity movement,0.01,0.00
2026-09-17,CAP-004,Synthetic capacity movement,0.01,0.00
2026-09-17,CAP-004,Synthetic capacity movement,0.01,0.00
2026-09-17,CAP-004,Synthetic capacity movement,0.01,0.00
2026-09-17,CAP-004,Synthetic capacity movement,0.01,0.00
2026-09-17,CAP-005,Synthetic capacity movement,0.01,0.00
2026-09-17,CAP-005,Synthetic capacity movement,0.01,0.00
2026-09-17,CAP-005,Synthetic capacity movement,0.01,0.00
2026-09-17,CAP-005,Synthetic capacity movement,0.01,0.00
2026-09-17,CAP-005,Synthetic capacity movement,0.01,0.00
2026-09-17,CAP-005,Synthetic capacity movement,0.01,0.00
2026-09-17,CAP-005,Synthetic capacity movement,0.01,0.00
2026-09-17,CAP-005,Synthetic capacity movement,0.01,0.00
2026-09-17,CAP-005,Synthetic capacity movement,0.01,0.00
2026-09-17,CAP-005,Synthetic capacity movement,0.01,0.00
2026-09-17,CAP-005,Synthetic capacity movement,0.01,0.00
2026-09-17,CAP-005,Synthetic capacity movement,0.01,0.00
2026-09-17,CAP-005,Synthetic capacity movement,0.01,0.00
2026-09-17,CAP-005,Synthetic capacity movement,0.01,0.00
2026-09-17,CAP-005,Synthetic capacity movement,0.01,0.00
2026-09-17,CAP-005,Synthetic capacity movement,0.01,0.00
2026-09-17,CAP-005,Synthetic capacity movement,0.01,0.00
2026-09-17,CAP-005,Synthetic capacity movement,0.01,0.00
2026-09-17,CAP-005,Synthetic capacity movement,0.01,0.00
2026-09-17,CAP-005,Synthetic capacity movement,0.01,0.00
2026-09-17,CAP-005,Synthetic capacity movement,0.01,0.00
2026-09-17,CAP-005,Synthetic capacity movement,0.01,0.00
2026-09-17,CAP-005,Synthetic capacity movement,0.01,0.00
2026-09-17,CAP-005,Synthetic capacity movement,0.01,0.00
2026-09-17,CAP-005,Synthetic capacity movement,0.01,0.00
2026-09-17,CAP-005,Synthetic capacity movement,0.01,0.00
2026-09-17,CAP-005,Synthetic capacity movement,0.01,0.00
2026-09-17,CAP-005,Synthetic capacity movement,0.01,0.00
2026-09-17,CAP-005,Synthetic capacity movement,0.01,0.00
2026-09-17,CAP-005,Synthetic capacity movement,0.01,0.00
2026-09-17,CAP-006,Synthetic capacity movement,0.01,0.00
2026-09-17,CAP-006,Synthetic capacity movement,0.01,0.00
2026-09-17,CAP-006,Synthetic capacity movement,0.01,0.00
2026-09-17,CAP-006,Synthetic capacity movement,0.01,0.00
2026-09-17,CAP-006,Synthetic capacity movement,0.01,0.00
2026-09-17,CAP-006,Synthetic capacity movement,0.01,0.00
2026-09-17,CAP-006,Synthetic capacity movement,0.01,0.00
2026-09-17,CAP-006,Synthetic capacity movement,0.01,0.00
2026-09-17,CAP-006,Synthetic capacity movement,0.01,0.00
2026-09-17,CAP-006,Synthetic capacity movement,0.01,0.00
2026-09-17,CAP-006,Synthetic capacity movement,0.01,0.00
2026-09-17,CAP-006,Synthetic capacity movement,0.01,0.00
2026-09-17,CAP-006,Synthetic capacity movement,0.01,0.00
2026-09-17,CAP-006,Synthetic capacity movement,0.01,0.00
2026-09-17,CAP-006,Synthetic capacity movement,0.01,0.00
2026-09-17,CAP-006,Synthetic capacity movement,0.01,0.00
2026-09-17,CAP-006,Synthetic capacity movement,0.01,0.00
2026-09-17,CAP-006,Synthetic capacity movement,0.01,0.00
2026-09-17,CAP-006,Synthetic capacity movement,0.01,0.00
2026-09-17,CAP-006,Synthetic capacity movement,0.01,0.00
2026-09-17,CAP-006,Synthetic capacity movement,0.01,0.00
2026-09-17,CAP-006,Synthetic capacity movement,0.01,0.00
2026-09-17,CAP-006,Synthetic capacity movement,0.01,0.00
2026-09-17,CAP-006,Synthetic capacity movement,0.01,0.00
2026-09-17,CAP-006,Synthetic capacity movement,0.01,0.00
2026-09-17,CAP-006,Synthetic capacity movement,0.01,0.00
2026-09-17,CAP-006,Synthetic capacity movement,0.01,0.00
2026-09-17,CAP-006,Synthetic capacity movement,0.01,0.00
2026-09-17,CAP-006,Synthetic capacity movement,0.01,0.00
2026-09-17,CAP-006,Synthetic capacity movement,0.01,0.00
2026-09-17,CAP-007,Synthetic capacity movement,0.01,0.00
2026-09-17,CAP-007,Synthetic capacity movement,0.01,0.00
2026-09-17,CAP-007,Synthetic capacity movement,0.01,0.00
2026-09-17,CAP-007,Synthetic capacity movement,0.01,0.00
2026-09-17,CAP-007,Synthetic capacity movement,0.01,0.00
2026-09-17,CAP-007,Synthetic capacity movement,0.01,0.00
2026-09-17,CAP-007,Synthetic capacity movement,0.01,0.00
2026-09-17,CAP-007,Synthetic capacity movement,0.01,0.00
2026-09-17,CAP-007,Synthetic capacity movement,0.01,0.00
2026-09-17,CAP-007,Synthetic capacity movement,0.01,0.00
2026-09-17,CAP-007,Synthetic capacity movement,0.01,0.00
2026-09-17,CAP-007,Synthetic capacity movement,0.01,0.00
2026-09-17,CAP-007,Synthetic capacity movement,0.01,0.00
2026-09-17,CAP-007,Synthetic capacity movement,0.01,0.00
2026-09-17,CAP-007,Synthetic capacity movement,0.01,0.00
2026-09-17,CAP-007,Synthetic capacity movement,0.01,0.00
2026-09-17,CAP-007,Synthetic capacity movement,0.01,0.00
2026-09-17,CAP-007,Synthetic capacity movement,0.01,0.00
2026-09-17,CAP-007,Synthetic capacity movement,0.01,0.00
2026-09-17,CAP-007,Synthetic capacity movement,0.01,0.00
2026-09-17,CAP-007,Synthetic capacity movement,0.01,0.00
2026-09-17,CAP-007,Synthetic capacity movement,0.01,0.00
2026-09-17,CAP-007,Synthetic capacity movement,0.01,0.00
2026-09-17,CAP-007,Synthetic capacity movement,0.01,0.00
2026-09-17,CAP-007,Synthetic capacity movement,0.01,0.00
2026-09-17,CAP-007,Synthetic capacity movement,0.01,0.00
2026-09-17,CAP-007,Synthetic capacity movement,0.01,0.00
2026-09-17,CAP-007,Synthetic capacity movement,0.01,0.00
2026-09-17,CAP-007,Synthetic capacity movement,0.01,0.00
2026-09-17,CAP-007,Synthetic capacity movement,0.01,0.00
2026-09-17,CAP-008,Synthetic capacity movement,0.01,0.00
2026-09-17,CAP-008,Synthetic capacity movement,0.01,0.00
2026-09-17,CAP-008,Synthetic capacity movement,0.01,0.00
2026-09-17,CAP-008,Synthetic capacity movement,0.01,0.00
2026-09-17,CAP-008,Synthetic capacity movement,0.01,0.00
2026-09-17,CAP-008,Synthetic capacity movement,0.01,0.00
2026-09-17,CAP-008,Synthetic capacity movement,0.01,0.00
2026-09-17,CAP-008,Synthetic capacity movement,0.01,0.00
2026-09-17,CAP-008,Synthetic capacity movement,0.01,0.00
2026-09-17,CAP-008,Synthetic capacity movement,0.01,0.00
2026-09-17,CAP-008,Synthetic capacity movement,0.01,0.00
2026-09-17,CAP-008,Synthetic capacity movement,0.01,0.00
2026-09-17,CAP-008,Synthetic capacity movement,0.01,0.00
2026-09-17,CAP-008,Synthetic capacity movement,0.01,0.00
2026-09-17,CAP-008,Synthetic capacity movement,0.01,0.00
2026-09-17,CAP-008,Synthetic capacity movement,0.01,0.00
2026-09-17,CAP-008,Synthetic capacity movement,0.01,0.00
2026-09-17,CAP-008,Synthetic capacity movement,0.01,0.00
2026-09-17,CAP-008,Synthetic capacity movement,0.01,0.00
2026-09-17,CAP-008,Synthetic capacity movement,0.01,0.00
2026-09-17,CAP-008,Synthetic capacity movement,0.01,0.00
2026-09-17,CAP-008,Synthetic capacity movement,0.01,0.00
2026-09-17,CAP-008,Synthetic capacity movement,0.01,0.00
2026-09-17,CAP-008,Synthetic capacity movement,0.01,0.00
2026-09-17,CAP-008,Synthetic capacity movement,0.01,0.00
2026-09-17,CAP-008,Synthetic capacity movement,0.01,0.00
2026-09-17,CAP-008,Synthetic capacity movement,0.01,0.00
2026-09-17,CAP-008,Synthetic capacity movement,0.01,0.00
2026-09-17,CAP-008,Synthetic capacity movement,0.01,0.00
2026-09-17,CAP-008,Synthetic capacity movement,0.01,0.00
2026-09-17,CAP-009,Synthetic capacity movement,0.01,0.00
2026-09-17,CAP-009,Synthetic capacity movement,0.01,0.00
2026-09-17,CAP-009,Synthetic capacity movement,0.01,0.00
2026-09-17,CAP-009,Synthetic capacity movement,0.01,0.00
2026-09-17,CAP-009,Synthetic capacity movement,0.01,0.00
2026-09-17,CAP-009,Synthetic capacity movement,0.01,0.00
2026-09-17,CAP-009,Synthetic capacity movement,0.01,0.00
2026-09-17,CAP-009,Synthetic capacity movement,0.01,0.00
2026-09-17,CAP-009,Synthetic capacity movement,0.01,0.00
2026-09-17,CAP-009,Synthetic capacity movement,0.01,0.00
2026-09-17,CAP-009,Synthetic capacity movement,0.01,0.00
2026-09-17,CAP-009,Synthetic capacity movement,0.01,0.00
2026-09-17,CAP-009,Synthetic capacity movement,0.01,0.00
2026-09-17,CAP-009,Synthetic capacity movement,0.01,0.00
2026-09-17,CAP-009,Synthetic capacity movement,0.01,0.00
2026-09-17,CAP-009,Synthetic capacity movement,0.01,0.00
2026-09-17,CAP-009,Synthetic capacity movement,0.01,0.00
2026-09-17,CAP-009,Synthetic capacity movement,0.01,0.00
2026-09-17,CAP-009,Synthetic capacity movement,0.01,0.00
2026-09-17,CAP-009,Synthetic capacity movement,0.01,0.00
2026-09-17,CAP-009,Synthetic capacity movement,0.01,0.00
2026-09-17,CAP-009,Synthetic capacity movement,0.01,0.00
2026-09-17,CAP-009,Synthetic capacity movement,0.01,0.00
2026-09-17,CAP-009,Synthetic capacity movement,0.01,0.00
2026-09-17,CAP-009,Synthetic capacity movement,0.01,0.00
2026-09-17,CAP-009,Synthetic capacity movement,0.01,0.00
2026-09-17,CAP-009,Synthetic capacity movement,0.01,0.00
2026-09-17,CAP-009,Synthetic capacity movement,0.01,0.00
2026-09-17,CAP-009,Synthetic capacity movement,0.01,0.00
2026-09-17,CAP-009,Synthetic capacity movement,0.01,0.00
2026-09-17,CAP-010,Synthetic capacity movement,0.01,0.00
2026-09-17,CAP-010,Synthetic capacity movement,0.01,0.00
2026-09-17,CAP-010,Synthetic capacity movement,0.01,0.00
2026-09-17,CAP-010,Synthetic capacity movement,0.01,0.00
2026-09-17,CAP-010,Synthetic capacity movement,0.01,0.00
2026-09-17,CAP-010,Synthetic capacity movement,0.01,0.00
2026-09-17,CAP-010,Synthetic capacity movement,0.01,0.00
2026-09-17,CAP-010,Synthetic capacity movement,0.01,0.00
2026-09-17,CAP-010,Synthetic capacity movement,0.01,0.00
2026-09-17,CAP-010,Synthetic capacity movement,0.01,0.00
2026-09-17,CAP-010,Synthetic capacity movement,0.01,0.00
2026-09-17,CAP-010,Synthetic capacity movement,0.01,0.00
2026-09-17,CAP-010,Synthetic capacity movement,0.01,0.00
2026-09-17,CAP-010,Synthetic capacity movement,0.01,0.00
2026-09-17,CAP-010,Synthetic capacity movement,0.01,0.00
2026-09-17,CAP-010,Synthetic capacity movement,0.01,0.00
2026-09-17,CAP-010,Synthetic capacity movement,0.01,0.00
2026-09-17,CAP-010,Synthetic capacity movement,0.01,0.00
2026-09-17,CAP-010,Synthetic capacity movement,0.01,0.00
2026-09-17,CAP-010,Synthetic capacity movement,0.01,0.00
2026-09-17,CAP-010,Synthetic capacity movement,0.01,0.00
2026-09-17,CAP-010,Synthetic capacity movement,0.01,0.00
2026-09-17,CAP-010,Synthetic capacity movement,0.01,0.00
2026-09-17,CAP-010,Synthetic capacity movement,0.01,0.00
2026-09-17,CAP-010,Synthetic capacity movement,0.01,0.00
2026-09-17,CAP-010,Synthetic capacity movement,0.01,0.00
2026-09-17,CAP-010,Synthetic capacity movement,0.01,0.00
2026-09-17,CAP-010,Synthetic capacity movement,0.01,0.00
2026-09-17,CAP-010,Synthetic capacity movement,0.01,0.00
2026-09-17,CAP-010,Synthetic capacity movement,0.01,0.00
2026-09-17,CAP-011,Synthetic capacity movement,0.01,0.00
2026-09-17,CAP-011,Synthetic capacity movement,0.01,0.00
2026-09-17,CAP-011,Synthetic capacity movement,0.01,0.00
2026-09-17,CAP-011,Synthetic capacity movement,0.01,0.00
2026-09-17,CAP-011,Synthetic capacity movement,0.01,0.00
2026-09-17,CAP-011,Synthetic capacity movement,0.01,0.00
2026-09-17,CAP-011,Synthetic capacity movement,0.01,0.00
2026-09-17,CAP-011,Synthetic capacity movement,0.01,0.00
2026-09-17,CAP-011,Synthetic capacity movement,0.01,0.00
2026-09-17,CAP-011,Synthetic capacity movement,0.01,0.00
2026-09-17,CAP-011,Synthetic capacity movement,0.01,0.00
2026-09-17,CAP-011,Synthetic capacity movement,0.01,0.00
2026-09-17,CAP-011,Synthetic capacity movement,0.01,0.00
2026-09-17,CAP-011,Synthetic capacity movement,0.01,0.00
2026-09-17,CAP-011,Synthetic capacity movement,0.01,0.00
2026-09-17,CAP-011,Synthetic capacity movement,0.01,0.00
2026-09-17,CAP-011,Synthetic capacity movement,0.01,0.00
2026-09-17,CAP-011,Synthetic capacity movement,0.01,0.00
2026-09-17,CAP-011,Synthetic capacity movement,0.01,0.00
2026-09-17,CAP-011,Synthetic capacity movement,0.01,0.00
2026-09-17,CAP-011,Synthetic capacity movement,0.01,0.00
2026-09-17,CAP-011,Synthetic capacity movement,0.01,0.00
2026-09-17,CAP-011,Synthetic capacity movement,0.01,0.00
2026-09-17,CAP-011,Synthetic capacity movement,0.01,0.00
2026-09-17,CAP-011,Synthetic capacity movement,0.01,0.00
2026-09-17,CAP-011,Synthetic capacity movement,0.01,0.00
2026-09-17,CAP-011,Synthetic capacity movement,0.01,0.00
2026-09-17,CAP-011,Synthetic capacity movement,0.01,0.00
2026-09-17,CAP-011,Synthetic capacity movement,0.01,0.00
2026-09-17,CAP-011,Synthetic capacity movement,0.01,0.00
2026-09-17,CAP-012,Synthetic capacity movement,0.01,0.00
2026-09-17,CAP-012,Synthetic capacity movement,0.01,0.00
2026-09-17,CAP-012,Synthetic capacity movement,0.01,0.00
2026-09-17,CAP-012,Synthetic capacity movement,0.01,0.00
2026-09-17,CAP-012,Synthetic capacity movement,0.01,0.00
2026-09-17,CAP-012,Synthetic capacity movement,0.01,0.00
2026-09-17,CAP-012,Synthetic capacity movement,0.01,0.00
2026-09-17,CAP-012,Synthetic capacity movement,0.01,0.00
2026-09-17,CAP-012,Synthetic capacity movement,0.01,0.00
2026-09-17,CAP-012,Synthetic capacity movement,0.01,0.00
2026-09-17,CAP-012,Synthetic capacity movement,0.01,0.00
2026-09-17,CAP-012,Synthetic capacity movement,0.01,0.00
2026-09-17,CAP-012,Synthetic capacity movement,0.01,0.00
2026-09-17,CAP-012,Synthetic capacity movement,0.01,0.00
2026-09-17,CAP-012,Synthetic capacity movement,0.01,0.00
2026-09-17,CAP-012,Synthetic capacity movement,0.01,0.00
2026-09-17,CAP-012,Synthetic capacity movement,0.01,0.00
2026-09-17,CAP-012,Synthetic capacity movement,0.01,0.00
2026-09-17,CAP-012,Synthetic capacity movement,0.01,0.00
2026-09-17,CAP-012,Synthetic capacity movement,0.01,0.00
2026-09-17,CAP-012,Synthetic capacity movement,0.01,0.00
2026-09-17,CAP-012,Synthetic capacity movement,0.01,0.00
2026-09-17,CAP-012,Synthetic capacity movement,0.01,0.00
2026-09-17,CAP-012,Synthetic capacity movement,0.01,0.00
2026-09-17,CAP-012,Synthetic capacity movement,0.01,0.00
2026-09-17,CAP-012,Synthetic capacity movement,0.01,0.00
2026-09-17,CAP-012,Synthetic capacity movement,0.01,0.00
2026-09-17,CAP-012,Synthetic capacity movement,0.01,0.00
2026-09-17,CAP-012,Synthetic capacity movement,0.01,0.00
2026-09-17,CAP-012,Synthetic capacity movement,0.01,0.00
2026-09-17,CAP-013,Synthetic capacity movement,0.01,0.00
2026-09-17,CAP-013,Synthetic capacity movement,0.01,0.00
2026-09-17,CAP-013,Synthetic capacity movement,0.01,0.00
2026-09-17,CAP-013,Synthetic capacity movement,0.01,0.00
2026-09-17,CAP-013,Synthetic capacity movement,0.01,0.00
2026-09-17,CAP-013,Synthetic capacity movement,0.01,0.00
2026-09-17,CAP-013,Synthetic capacity movement,0.01,0.00
2026-09-17,CAP-013,Synthetic capacity movement,0.01,0.00
2026-09-17,CAP-013,Synthetic capacity movement,0.01,0.00
2026-09-17,CAP-013,Synthetic capacity movement,0.01,0.00
2026-09-17,CAP-013,Synthetic capacity movement,0.01,0.00
2026-09-17,CAP-013,Synthetic capacity movement,0.01,0.00
2026-09-17,CAP-013,Synthetic capacity movement,0.01,0.00
2026-09-17,CAP-013,Synthetic capacity movement,0.01,0.00
2026-09-17,CAP-013,Synthetic capacity movement,0.01,0.00
2026-09-17,CAP-013,Synthetic capacity movement,0.01,0.00
2026-09-17,CAP-013,Synthetic capacity movement,0.01,0.00
2026-09-17,CAP-013,Synthetic capacity movement,0.01,0.00
2026-09-17,CAP-013,Synthetic capacity movement,0.01,0.00
2026-09-17,CAP-013,Synthetic capacity movement,0.01,0.00
2026-09-17,CAP-013,Synthetic capacity movement,0.01,0.00
2026-09-17,CAP-013,Synthetic capacity movement,0.01,0.00
2026-09-17,CAP-013,Synthetic capacity movement,0.01,0.00
2026-09-17,CAP-013,Synthetic capacity movement,0.01,0.00
2026-09-17,CAP-013,Synthetic capacity movement,0.01,0.00
2026-09-17,CAP-013,Synthetic capacity movement,0.01,0.00
2026-09-17,CAP-013,Synthetic capacity movement,0.01,0.00
2026-09-17,CAP-013,Synthetic capacity movement,0.01,0.00
2026-09-17,CAP-013,Synthetic capacity movement,0.01,0.00
2026-09-17,CAP-013,Synthetic capacity movement,0.01,0.00
2026-09-17,CAP-014,Synthetic capacity movement,0.01,0.00
2026-09-17,CAP-014,Synthetic capacity movement,0.01,0.00
2026-09-17,CAP-014,Synthetic capacity movement,0.01,0.00
2026-09-17,CAP-014,Synthetic capacity movement,0.01,0.00
2026-09-17,CAP-014,Synthetic capacity movement,0.01,0.00
2026-09-17,CAP-014,Synthetic capacity movement,0.01,0.00
2026-09-17,CAP-014,Synthetic capacity movement,0.01,0.00
2026-09-17,CAP-014,Synthetic capacity movement,0.01,0.00
2026-09-17,CAP-014,Synthetic capacity movement,0.01,0.00
2026-09-17,CAP-014,Synthetic capacity movement,0.01,0.00
2026-09-17,CAP-014,Synthetic capacity movement,0.01,0.00
2026-09-17,CAP-014,Synthetic capacity movement,0.01,0.00
2026-09-17,CAP-014,Synthetic capacity movement,0.01,0.00
2026-09-17,CAP-014,Synthetic capacity movement,0.01,0.00
2026-09-17,CAP-014,Synthetic capacity movement,0.01,0.00
2026-09-17,CAP-014,Synthetic capacity movement,0.01,0.00
2026-09-17,CAP-014,Synthetic capacity movement,0.01,0.00
2026-09-17,CAP-014,Synthetic capacity movement,0.01,0.00
2026-09-17,CAP-014,Synthetic capacity movement,0.01,0.00
2026-09-17,CAP-014,Synthetic capacity movement,0.01,0.00
2026-09-17,CAP-014,Synthetic capacity movement,0.01,0.00
2026-09-17,CAP-014,Synthetic capacity movement,0.01,0.00
2026-09-17,CAP-014,Synthetic capacity movement,0.01,0.00
2026-09-17,CAP-014,Synthetic capacity movement,0.01,0.00
2026-09-17,CAP-014,Synthetic capacity movement,0.01,0.00
2026-09-17,CAP-014,Synthetic capacity movement,0.01,0.00
2026-09-17,CAP-014,Synthetic capacity movement,0.01,0.00
2026-09-17,CAP-014,Synthetic capacity movement,0.01,0.00
2026-09-17,CAP-014,Synthetic capacity movement,0.01,0.00
2026-09-17,CAP-014,Synthetic capacity movement,0.01,0.00
2026-09-17,CAP-015,Synthetic capacity movement,0.01,0.00
2026-09-17,CAP-015,Synthetic capacity movement,0.01,0.00
2026-09-17,CAP-015,Synthetic capacity movement,0.01,0.00
2026-09-17,CAP-015,Synthetic capacity movement,0.01,0.00
2026-09-17,CAP-015,Synthetic capacity movement,0.01,0.00
2026-09-17,CAP-015,Synthetic capacity movement,0.01,0.00
2026-09-17,CAP-015,Synthetic capacity movement,0.01,0.00
2026-09-17,CAP-015,Synthetic capacity movement,0.01,0.00
2026-09-17,CAP-015,Synthetic capacity movement,0.01,0.00
2026-09-17,CAP-015,Synthetic capacity movement,0.01,0.00
2026-09-17,CAP-015,Synthetic capacity movement,0.01,0.00
2026-09-17,CAP-015,Synthetic capacity movement,0.01,0.00
2026-09-17,CAP-015,Synthetic capacity movement,0.01,0.00
2026-09-17,CAP-015,Synthetic capacity movement,0.01,0.00
2026-09-17,CAP-015,Synthetic capacity movement,0.01,0.00
2026-09-17,CAP-015,Synthetic capacity movement,0.01,0.00
2026-09-17,CAP-015,Synthetic capacity movement,0.01,0.00
2026-09-17,CAP-015,Synthetic capacity movement,0.01,0.00
2026-09-17,CAP-015,Synthetic capacity movement,0.01,0.00
2026-09-17,CAP-015,Synthetic capacity movement,0.01,0.00
2026-09-17,CAP-015,Synthetic capacity movement,0.01,0.00
2026-09-17,CAP-015,Synthetic capacity movement,0.01,0.00
2026-09-17,CAP-015,Synthetic capacity movement,0.01,0.00
2026-09-17,CAP-015,Synthetic capacity movement,0.01,0.00
2026-09-17,CAP-015,Synthetic capacity movement,0.01,0.00
2026-09-17,CAP-015,Synthetic capacity movement,0.01,0.00
2026-09-17,CAP-015,Synthetic capacity movement,0.01,0.00
2026-09-17,CAP-015,Synthetic capacity movement,0.01,0.00
2026-09-17,CAP-015,Synthetic capacity movement,0.01,0.00
2026-09-17,CAP-015,Synthetic capacity movement,0.01,0.00
2026-09-17,CAP-016,Synthetic capacity movement,0.01,0.00
2026-09-17,CAP-016,Synthetic capacity movement,0.01,0.00
2026-09-17,CAP-016,Synthetic capacity movement,0.01,0.00
2026-09-17,CAP-016,Synthetic capacity movement,0.01,0.00
2026-09-17,CAP-016,Synthetic capacity movement,0.01,0.00
2026-09-17,CAP-016,Synthetic capacity movement,0.01,0.00
2026-09-17,CAP-016,Synthetic capacity movement,0.01,0.00
2026-09-17,CAP-016,Synthetic capacity movement,0.01,0.00
2026-09-17,CAP-016,Synthetic capacity movement,0.01,0.00
2026-09-17,CAP-016,Synthetic capacity movement,0.01,0.00
2026-09-17,CAP-016,Synthetic capacity movement,0.01,0.00
2026-09-17,CAP-016,Synthetic capacity movement,0.01,0.00
2026-09-17,CAP-016,Synthetic capacity movement,0.01,0.00
2026-09-17,CAP-016,Synthetic capacity movement,0.01,0.00
2026-09-17,CAP-016,Synthetic capacity movement,0.01,0.00
2026-09-17,CAP-016,Synthetic capacity movement,0.01,0.00
2026-09-17,CAP-016,Synthetic capacity movement,0.01,0.00
2026-09-17,CAP-016,Synthetic capacity movement,0.01,0.00
2026-09-17,CAP-016,Synthetic capacity movement,0.01,0.00
2026-09-17,CAP-016,Synthetic capacity movement,0.01,0.00
2026-09-17,CAP-016,Synthetic capacity movement,0.01,0.00
2026-09-17,CAP-016,Synthetic capacity movement,0.01,0.00
2026-09-17,CAP-016,Synthetic capacity movement,0.01,0.00
2026-09-17,CAP-016,Synthetic capacity movement,0.01,0.00
2026-09-17,CAP-016,Synthetic capacity movement,0.01,0.00
2026-09-17,CAP-016,Synthetic capacity movement,0.01,0.00
2026-09-17,CAP-016,Synthetic capacity movement,0.01,0.00
2026-09-17,CAP-016,Synthetic capacity movement,0.01,0.00
2026-09-17,CAP-016,Synthetic capacity movement,0.01,0.00
2026-09-17,CAP-016,Synthetic capacity movement,0.01,0.00
2026-09-17,CAP-017,Synthetic capacity movement,0.01,0.00
2026-09-17,CAP-017,Synthetic capacity movement,0.01,0.00
2026-09-17,CAP-017,Synthetic capacity movement,0.01,0.00
2026-09-17,CAP-017,Synthetic capacity movement,0.01,0.00
2026-09-17,CAP-017,Synthetic capacity movement,0.01,0.00
2026-09-17,CAP-017,Synthetic capacity movement,0.01,0.00
2026-09-17,CAP-017,Synthetic capacity movement,0.01,0.00
2026-09-17,CAP-017,Synthetic capacity movement,0.01,0.00
2026-09-17,CAP-017,Synthetic capacity movement,0.01,0.00
2026-09-17,CAP-017,Synthetic capacity movement,0.01,0.00
2026-09-17,CAP-017,Synthetic capacity movement,0.01,0.00
2026-09-17,CAP-017,Synthetic capacity movement,0.01,0.00
2026-09-17,CAP-017,Synthetic capacity movement,0.01,0.00
2026-09-17,CAP-017,Synthetic capacity movement,0.01,0.00
2026-09-17,CAP-017,Synthetic capacity movement,0.01,0.00
2026-09-17,CAP-017,Synthetic capacity movement,0.01,0.00
2026-09-17,CAP-017,Synthetic capacity movement,0.01,0.00
2026-09-17,CAP-017,Synthetic capacity movement,0.01,0.00
2026-09-17,CAP-017,Synthetic capacity movement,0.01,0.00
2026-09-17,CAP-017,Synthetic capacity movement,0.01,0.00
2026-09-17,CAP-017,Synthetic capacity movement,0.01,0.00
2026-09-17,CAP-017,Synthetic capacity movement,0.01,0.00
2026-09-17,CAP-017,Synthetic capacity movement,0.01,0.00
2026-09-17,CAP-017,Synthetic capacity movement,0.01,0.00
2026-09-17,CAP-017,Synthetic capacity movement,0.01,0.00
2026-09-17,CAP-017,Synthetic capacity movement,0.01,0.00
2026-09-17,CAP-017,Synthetic capacity movement,0.01,0.00
2026-09-17,CAP-017,Synthetic capacity movement,0.01,0.00
2026-09-17,CAP-017,Synthetic capacity movement,0.01,0.00
2026-09-17,CAP-017,Synthetic capacity movement,0.01,0.00
2026-09-17,CAP-018,Synthetic capacity movement,0.01,0.00
2026-09-17,CAP-018,Synthetic capacity movement,0.01,0.00
2026-09-17,CAP-018,Synthetic capacity movement,0.01,0.00
2026-09-17,CAP-018,Synthetic capacity movement,0.01,0.00
2026-09-17,CAP-018,Synthetic capacity movement,0.01,0.00
2026-09-17,CAP-018,Synthetic capacity movement,0.01,0.00
2026-09-17,CAP-018,Synthetic capacity movement,0.01,0.00
2026-09-17,CAP-018,Synthetic capacity movement,0.01,0.00
2026-09-17,CAP-018,Synthetic capacity movement,0.01,0.00
2026-09-17,CAP-018,Synthetic capacity movement,0.01,0.00
2026-09-17,CAP-018,Synthetic capacity movement,0.01,0.00
2026-09-17,CAP-018,Synthetic capacity movement,0.01,0.00
2026-09-17,CAP-018,Synthetic capacity movement,0.01,0.00
2026-09-17,CAP-018,Synthetic capacity movement,0.01,0.00
2026-09-17,CAP-018,Synthetic capacity movement,0.01,0.00
2026-09-17,CAP-018,Synthetic capacity movement,0.01,0.00
2026-09-17,CAP-018,Synthetic capacity movement,0.01,0.00
2026-09-17,CAP-018,Synthetic capacity movement,0.01,0.00
2026-09-17,CAP-018,Synthetic capacity movement,0.01,0.00
2026-09-17,CAP-018,Synthetic capacity movement,0.01,0.00
2026-09-17,CAP-018,Synthetic capacity movement,0.01,0.00
2026-09-17,CAP-018,Synthetic capacity movement,0.01,0.00
2026-09-17,CAP-018,Synthetic capacity movement,0.01,0.00
2026-09-17,CAP-018,Synthetic capacity movement,0.01,0.00
2026-09-17,CAP-018,Synthetic capacity movement,0.01,0.00
2026-09-17,CAP-018,Synthetic capacity movement,0.01,0.00
2026-09-17,CAP-018,Synthetic capacity movement,0.01,0.00
2026-09-17,CAP-018,Synthetic capacity movement,0.01,0.00
2026-09-17,CAP-018,Synthetic capacity movement,0.01,0.00
2026-09-17,CAP-018,Synthetic capacity movement,0.01,0.00
2026-09-17,CAP-019,Synthetic capacity movement,0.01,0.00
2026-09-17,CAP-019,Synthetic capacity movement,0.01,0.00
2026-09-17,CAP-019,Synthetic capacity movement,0.01,0.00
2026-09-17,CAP-019,Synthetic capacity movement,0.01,0.00
2026-09-17,CAP-019,Synthetic capacity movement,0.01,0.00
2026-09-17,CAP-019,Synthetic capacity movement,0.01,0.00
2026-09-17,CAP-019,Synthetic capacity movement,0.01,0.00
2026-09-17,CAP-019,Synthetic capacity movement,0.01,0.00
2026-09-17,CAP-019,Synthetic capacity movement,0.01,0.00
2026-09-17,CAP-019,Synthetic capacity movement,0.01,0.00
2026-09-17,CAP-019,Synthetic capacity movement,0.01,0.00
2026-09-17,CAP-019,Synthetic capacity movement,0.01,0.00
2026-09-17,CAP-019,Synthetic capacity movement,0.01,0.00
2026-09-17,CAP-019,Synthetic capacity movement,0.01,0.00
2026-09-17,CAP-019,Synthetic capacity movement,0.01,0.00
2026-09-17,CAP-019,Synthetic capacity movement,0.01,0.00
2026-09-17,CAP-019,Synthetic capacity movement,0.01,0.00
2026-09-17,CAP-019,Synthetic capacity movement,0.01,0.00
2026-09-17,CAP-019,Synthetic capacity movement,0.01,0.00
2026-09-17,CAP-019,Synthetic capacity movement,0.01,0.00
2026-09-17,CAP-019,Synthetic capacity movement,0.01,0.00
2026-09-17,CAP-019,Synthetic capacity movement,0.01,0.00
2026-09-17,CAP-019,Synthetic capacity movement,0.01,0.00
2026-09-17,CAP-019,Synthetic capacity movement,0.01,0.00
2026-09-17,CAP-019,Synthetic capacity movement,0.01,0.00
2026-09-17,CAP-019,Synthetic capacity movement,0.01,0.00
2026-09-17,CAP-019,Synthetic capacity movement,0.01,0.00
2026-09-17,CAP-019,Synthetic capacity movement,0.01,0.00
2026-09-17,CAP-019,Synthetic capacity movement,0.01,0.00
2026-09-17,CAP-019,Synthetic capacity movement,0.01,0.00
