Record ID,Settlement ID,Movement date,Value date,Cash direction,Role,Parent payment ID,Reverses record ID,Policy,Status,Entity,Ledger,Bank account,Currency,Period start,Period end,Amount
L0,S1,2026-09-15,2026-09-16,outflow,principal,,,outgoing-inclusive,posted,Synthetic Cash Owner,Primary Book,BANK-001,SAR,2026-09-01,2026-09-30,100
L1,S1,2026-09-15,2026-09-16,outflow,principal,,,outgoing-inclusive,posted,Synthetic Cash Owner,Primary Book,BANK-001,SAR,2026-09-01,2026-09-30,100
L2,S1,2026-09-15,2026-09-16,outflow,principal,,,outgoing-inclusive,posted,Synthetic Cash Owner,Primary Book,BANK-001,SAR,2026-09-01,2026-09-30,100
L3,S1,2026-09-15,2026-09-16,outflow,principal,,,outgoing-inclusive,posted,Synthetic Cash Owner,Primary Book,BANK-001,SAR,2026-09-01,2026-09-30,100
L4,S1,2026-09-15,2026-09-16,outflow,principal,,,outgoing-inclusive,posted,Synthetic Cash Owner,Primary Book,BANK-001,SAR,2026-09-01,2026-09-30,100
L5,S1,2026-09-15,2026-09-16,outflow,principal,,,outgoing-inclusive,posted,Synthetic Cash Owner,Primary Book,BANK-001,SAR,2026-09-01,2026-09-30,100
L6,S1,2026-09-15,2026-09-16,outflow,principal,,,outgoing-inclusive,posted,Synthetic Cash Owner,Primary Book,BANK-001,SAR,2026-09-01,2026-09-30,100
L7,S1,2026-09-15,2026-09-16,outflow,principal,,,outgoing-inclusive,posted,Synthetic Cash Owner,Primary Book,BANK-001,SAR,2026-09-01,2026-09-30,100
L8,S1,2026-09-15,2026-09-16,outflow,principal,,,outgoing-inclusive,posted,Synthetic Cash Owner,Primary Book,BANK-001,SAR,2026-09-01,2026-09-30,100
L9,S1,2026-09-15,2026-09-16,outflow,principal,,,outgoing-inclusive,posted,Synthetic Cash Owner,Primary Book,BANK-001,SAR,2026-09-01,2026-09-30,100
L10,S1,2026-09-15,2026-09-16,outflow,principal,,,outgoing-inclusive,posted,Synthetic Cash Owner,Primary Book,BANK-001,SAR,2026-09-01,2026-09-30,100
L11,S1,2026-09-15,2026-09-16,outflow,principal,,,outgoing-inclusive,posted,Synthetic Cash Owner,Primary Book,BANK-001,SAR,2026-09-01,2026-09-30,100
L12,S1,2026-09-15,2026-09-16,outflow,principal,,,outgoing-inclusive,posted,Synthetic Cash Owner,Primary Book,BANK-001,SAR,2026-09-01,2026-09-30,100
L13,S1,2026-09-15,2026-09-16,outflow,principal,,,outgoing-inclusive,posted,Synthetic Cash Owner,Primary Book,BANK-001,SAR,2026-09-01,2026-09-30,100
L14,S1,2026-09-15,2026-09-16,outflow,principal,,,outgoing-inclusive,posted,Synthetic Cash Owner,Primary Book,BANK-001,SAR,2026-09-01,2026-09-30,100
L15,S1,2026-09-15,2026-09-16,outflow,principal,,,outgoing-inclusive,posted,Synthetic Cash Owner,Primary Book,BANK-001,SAR,2026-09-01,2026-09-30,100
L16,S1,2026-09-15,2026-09-16,outflow,principal,,,outgoing-inclusive,posted,Synthetic Cash Owner,Primary Book,BANK-001,SAR,2026-09-01,2026-09-30,100
L17,S1,2026-09-15,2026-09-16,outflow,principal,,,outgoing-inclusive,posted,Synthetic Cash Owner,Primary Book,BANK-001,SAR,2026-09-01,2026-09-30,100
L18,S1,2026-09-15,2026-09-16,outflow,principal,,,outgoing-inclusive,posted,Synthetic Cash Owner,Primary Book,BANK-001,SAR,2026-09-01,2026-09-30,100
L19,S1,2026-09-15,2026-09-16,outflow,principal,,,outgoing-inclusive,posted,Synthetic Cash Owner,Primary Book,BANK-001,SAR,2026-09-01,2026-09-30,100
L20,S1,2026-09-15,2026-09-16,outflow,principal,,,outgoing-inclusive,posted,Synthetic Cash Owner,Primary Book,BANK-001,SAR,2026-09-01,2026-09-30,100
L21,S1,2026-09-15,2026-09-16,outflow,principal,,,outgoing-inclusive,posted,Synthetic Cash Owner,Primary Book,BANK-001,SAR,2026-09-01,2026-09-30,100
L22,S1,2026-09-15,2026-09-16,outflow,principal,,,outgoing-inclusive,posted,Synthetic Cash Owner,Primary Book,BANK-001,SAR,2026-09-01,2026-09-30,100
L23,S1,2026-09-15,2026-09-16,outflow,principal,,,outgoing-inclusive,posted,Synthetic Cash Owner,Primary Book,BANK-001,SAR,2026-09-01,2026-09-30,100
L24,S1,2026-09-15,2026-09-16,outflow,principal,,,outgoing-inclusive,posted,Synthetic Cash Owner,Primary Book,BANK-001,SAR,2026-09-01,2026-09-30,100
L25,S1,2026-09-15,2026-09-16,outflow,principal,,,outgoing-inclusive,posted,Synthetic Cash Owner,Primary Book,BANK-001,SAR,2026-09-01,2026-09-30,100
L26,S1,2026-09-15,2026-09-16,outflow,principal,,,outgoing-inclusive,posted,Synthetic Cash Owner,Primary Book,BANK-001,SAR,2026-09-01,2026-09-30,100
L27,S1,2026-09-15,2026-09-16,outflow,principal,,,outgoing-inclusive,posted,Synthetic Cash Owner,Primary Book,BANK-001,SAR,2026-09-01,2026-09-30,100
L28,S1,2026-09-15,2026-09-16,outflow,principal,,,outgoing-inclusive,posted,Synthetic Cash Owner,Primary Book,BANK-001,SAR,2026-09-01,2026-09-30,100
L29,S1,2026-09-15,2026-09-16,outflow,principal,,,outgoing-inclusive,posted,Synthetic Cash Owner,Primary Book,BANK-001,SAR,2026-09-01,2026-09-30,100
L30,S1,2026-09-15,2026-09-16,outflow,principal,,,outgoing-inclusive,posted,Synthetic Cash Owner,Primary Book,BANK-001,SAR,2026-09-01,2026-09-30,100
L31,S1,2026-09-15,2026-09-16,outflow,principal,,,outgoing-inclusive,posted,Synthetic Cash Owner,Primary Book,BANK-001,SAR,2026-09-01,2026-09-30,100
L32,S1,2026-09-15,2026-09-16,outflow,principal,,,outgoing-inclusive,posted,Synthetic Cash Owner,Primary Book,BANK-001,SAR,2026-09-01,2026-09-30,100
L33,S1,2026-09-15,2026-09-16,outflow,principal,,,outgoing-inclusive,posted,Synthetic Cash Owner,Primary Book,BANK-001,SAR,2026-09-01,2026-09-30,100
L34,S1,2026-09-15,2026-09-16,outflow,principal,,,outgoing-inclusive,posted,Synthetic Cash Owner,Primary Book,BANK-001,SAR,2026-09-01,2026-09-30,100
L35,S1,2026-09-15,2026-09-16,outflow,principal,,,outgoing-inclusive,posted,Synthetic Cash Owner,Primary Book,BANK-001,SAR,2026-09-01,2026-09-30,100
L36,S1,2026-09-15,2026-09-16,outflow,principal,,,outgoing-inclusive,posted,Synthetic Cash Owner,Primary Book,BANK-001,SAR,2026-09-01,2026-09-30,100
L37,S1,2026-09-15,2026-09-16,outflow,principal,,,outgoing-inclusive,posted,Synthetic Cash Owner,Primary Book,BANK-001,SAR,2026-09-01,2026-09-30,100
L38,S1,2026-09-15,2026-09-16,outflow,principal,,,outgoing-inclusive,posted,Synthetic Cash Owner,Primary Book,BANK-001,SAR,2026-09-01,2026-09-30,100
L39,S1,2026-09-15,2026-09-16,outflow,principal,,,outgoing-inclusive,posted,Synthetic Cash Owner,Primary Book,BANK-001,SAR,2026-09-01,2026-09-30,100
L40,S1,2026-09-15,2026-09-16,outflow,principal,,,outgoing-inclusive,posted,Synthetic Cash Owner,Primary Book,BANK-001,SAR,2026-09-01,2026-09-30,100
L41,S1,2026-09-15,2026-09-16,outflow,principal,,,outgoing-inclusive,posted,Synthetic Cash Owner,Primary Book,BANK-001,SAR,2026-09-01,2026-09-30,100
L42,S1,2026-09-15,2026-09-16,outflow,principal,,,outgoing-inclusive,posted,Synthetic Cash Owner,Primary Book,BANK-001,SAR,2026-09-01,2026-09-30,100
L43,S1,2026-09-15,2026-09-16,outflow,principal,,,outgoing-inclusive,posted,Synthetic Cash Owner,Primary Book,BANK-001,SAR,2026-09-01,2026-09-30,100
L44,S1,2026-09-15,2026-09-16,outflow,principal,,,outgoing-inclusive,posted,Synthetic Cash Owner,Primary Book,BANK-001,SAR,2026-09-01,2026-09-30,100
L45,S1,2026-09-15,2026-09-16,outflow,principal,,,outgoing-inclusive,posted,Synthetic Cash Owner,Primary Book,BANK-001,SAR,2026-09-01,2026-09-30,100
L46,S1,2026-09-15,2026-09-16,outflow,principal,,,outgoing-inclusive,posted,Synthetic Cash Owner,Primary Book,BANK-001,SAR,2026-09-01,2026-09-30,100
L47,S1,2026-09-15,2026-09-16,outflow,principal,,,outgoing-inclusive,posted,Synthetic Cash Owner,Primary Book,BANK-001,SAR,2026-09-01,2026-09-30,100
L48,S1,2026-09-15,2026-09-16,outflow,principal,,,outgoing-inclusive,posted,Synthetic Cash Owner,Primary Book,BANK-001,SAR,2026-09-01,2026-09-30,100
L49,S1,2026-09-15,2026-09-16,outflow,principal,,,outgoing-inclusive,posted,Synthetic Cash Owner,Primary Book,BANK-001,SAR,2026-09-01,2026-09-30,100
L50,S1,2026-09-15,2026-09-16,outflow,principal,,,outgoing-inclusive,posted,Synthetic Cash Owner,Primary Book,BANK-001,SAR,2026-09-01,2026-09-30,100
L51,S1,2026-09-15,2026-09-16,outflow,principal,,,outgoing-inclusive,posted,Synthetic Cash Owner,Primary Book,BANK-001,SAR,2026-09-01,2026-09-30,100
L52,S1,2026-09-15,2026-09-16,outflow,principal,,,outgoing-inclusive,posted,Synthetic Cash Owner,Primary Book,BANK-001,SAR,2026-09-01,2026-09-30,100
L53,S1,2026-09-15,2026-09-16,outflow,principal,,,outgoing-inclusive,posted,Synthetic Cash Owner,Primary Book,BANK-001,SAR,2026-09-01,2026-09-30,100
L54,S1,2026-09-15,2026-09-16,outflow,principal,,,outgoing-inclusive,posted,Synthetic Cash Owner,Primary Book,BANK-001,SAR,2026-09-01,2026-09-30,100
L55,S1,2026-09-15,2026-09-16,outflow,principal,,,outgoing-inclusive,posted,Synthetic Cash Owner,Primary Book,BANK-001,SAR,2026-09-01,2026-09-30,100
L56,S1,2026-09-15,2026-09-16,outflow,principal,,,outgoing-inclusive,posted,Synthetic Cash Owner,Primary Book,BANK-001,SAR,2026-09-01,2026-09-30,100
L57,S1,2026-09-15,2026-09-16,outflow,principal,,,outgoing-inclusive,posted,Synthetic Cash Owner,Primary Book,BANK-001,SAR,2026-09-01,2026-09-30,100
L58,S1,2026-09-15,2026-09-16,outflow,principal,,,outgoing-inclusive,posted,Synthetic Cash Owner,Primary Book,BANK-001,SAR,2026-09-01,2026-09-30,100
L59,S1,2026-09-15,2026-09-16,outflow,principal,,,outgoing-inclusive,posted,Synthetic Cash Owner,Primary Book,BANK-001,SAR,2026-09-01,2026-09-30,100
L60,S1,2026-09-15,2026-09-16,outflow,principal,,,outgoing-inclusive,posted,Synthetic Cash Owner,Primary Book,BANK-001,SAR,2026-09-01,2026-09-30,100
L61,S1,2026-09-15,2026-09-16,outflow,principal,,,outgoing-inclusive,posted,Synthetic Cash Owner,Primary Book,BANK-001,SAR,2026-09-01,2026-09-30,100
L62,S1,2026-09-15,2026-09-16,outflow,principal,,,outgoing-inclusive,posted,Synthetic Cash Owner,Primary Book,BANK-001,SAR,2026-09-01,2026-09-30,100
L63,S1,2026-09-15,2026-09-16,outflow,principal,,,outgoing-inclusive,posted,Synthetic Cash Owner,Primary Book,BANK-001,SAR,2026-09-01,2026-09-30,100
L64,S1,2026-09-15,2026-09-16,outflow,principal,,,outgoing-inclusive,posted,Synthetic Cash Owner,Primary Book,BANK-001,SAR,2026-09-01,2026-09-30,100
L65,S1,2026-09-15,2026-09-16,outflow,principal,,,outgoing-inclusive,posted,Synthetic Cash Owner,Primary Book,BANK-001,SAR,2026-09-01,2026-09-30,100
L66,S1,2026-09-15,2026-09-16,outflow,principal,,,outgoing-inclusive,posted,Synthetic Cash Owner,Primary Book,BANK-001,SAR,2026-09-01,2026-09-30,100
L67,S1,2026-09-15,2026-09-16,outflow,principal,,,outgoing-inclusive,posted,Synthetic Cash Owner,Primary Book,BANK-001,SAR,2026-09-01,2026-09-30,100
L68,S1,2026-09-15,2026-09-16,outflow,principal,,,outgoing-inclusive,posted,Synthetic Cash Owner,Primary Book,BANK-001,SAR,2026-09-01,2026-09-30,100
L69,S1,2026-09-15,2026-09-16,outflow,principal,,,outgoing-inclusive,posted,Synthetic Cash Owner,Primary Book,BANK-001,SAR,2026-09-01,2026-09-30,100
L70,S1,2026-09-15,2026-09-16,outflow,principal,,,outgoing-inclusive,posted,Synthetic Cash Owner,Primary Book,BANK-001,SAR,2026-09-01,2026-09-30,100
L71,S1,2026-09-15,2026-09-16,outflow,principal,,,outgoing-inclusive,posted,Synthetic Cash Owner,Primary Book,BANK-001,SAR,2026-09-01,2026-09-30,100
L72,S1,2026-09-15,2026-09-16,outflow,principal,,,outgoing-inclusive,posted,Synthetic Cash Owner,Primary Book,BANK-001,SAR,2026-09-01,2026-09-30,100
L73,S1,2026-09-15,2026-09-16,outflow,principal,,,outgoing-inclusive,posted,Synthetic Cash Owner,Primary Book,BANK-001,SAR,2026-09-01,2026-09-30,100
L74,S1,2026-09-15,2026-09-16,outflow,principal,,,outgoing-inclusive,posted,Synthetic Cash Owner,Primary Book,BANK-001,SAR,2026-09-01,2026-09-30,100
L75,S1,2026-09-15,2026-09-16,outflow,principal,,,outgoing-inclusive,posted,Synthetic Cash Owner,Primary Book,BANK-001,SAR,2026-09-01,2026-09-30,100
L76,S1,2026-09-15,2026-09-16,outflow,principal,,,outgoing-inclusive,posted,Synthetic Cash Owner,Primary Book,BANK-001,SAR,2026-09-01,2026-09-30,100
L77,S1,2026-09-15,2026-09-16,outflow,principal,,,outgoing-inclusive,posted,Synthetic Cash Owner,Primary Book,BANK-001,SAR,2026-09-01,2026-09-30,100
L78,S1,2026-09-15,2026-09-16,outflow,principal,,,outgoing-inclusive,posted,Synthetic Cash Owner,Primary Book,BANK-001,SAR,2026-09-01,2026-09-30,100
L79,S1,2026-09-15,2026-09-16,outflow,principal,,,outgoing-inclusive,posted,Synthetic Cash Owner,Primary Book,BANK-001,SAR,2026-09-01,2026-09-30,100
L80,S1,2026-09-15,2026-09-16,outflow,principal,,,outgoing-inclusive,posted,Synthetic Cash Owner,Primary Book,BANK-001,SAR,2026-09-01,2026-09-30,100
L81,S1,2026-09-15,2026-09-16,outflow,principal,,,outgoing-inclusive,posted,Synthetic Cash Owner,Primary Book,BANK-001,SAR,2026-09-01,2026-09-30,100
L82,S1,2026-09-15,2026-09-16,outflow,principal,,,outgoing-inclusive,posted,Synthetic Cash Owner,Primary Book,BANK-001,SAR,2026-09-01,2026-09-30,100
L83,S1,2026-09-15,2026-09-16,outflow,principal,,,outgoing-inclusive,posted,Synthetic Cash Owner,Primary Book,BANK-001,SAR,2026-09-01,2026-09-30,100
L84,S1,2026-09-15,2026-09-16,outflow,principal,,,outgoing-inclusive,posted,Synthetic Cash Owner,Primary Book,BANK-001,SAR,2026-09-01,2026-09-30,100
L85,S1,2026-09-15,2026-09-16,outflow,principal,,,outgoing-inclusive,posted,Synthetic Cash Owner,Primary Book,BANK-001,SAR,2026-09-01,2026-09-30,100
L86,S1,2026-09-15,2026-09-16,outflow,principal,,,outgoing-inclusive,posted,Synthetic Cash Owner,Primary Book,BANK-001,SAR,2026-09-01,2026-09-30,100
L87,S1,2026-09-15,2026-09-16,outflow,principal,,,outgoing-inclusive,posted,Synthetic Cash Owner,Primary Book,BANK-001,SAR,2026-09-01,2026-09-30,100
L88,S1,2026-09-15,2026-09-16,outflow,principal,,,outgoing-inclusive,posted,Synthetic Cash Owner,Primary Book,BANK-001,SAR,2026-09-01,2026-09-30,100
L89,S1,2026-09-15,2026-09-16,outflow,principal,,,outgoing-inclusive,posted,Synthetic Cash Owner,Primary Book,BANK-001,SAR,2026-09-01,2026-09-30,100
L90,S1,2026-09-15,2026-09-16,outflow,principal,,,outgoing-inclusive,posted,Synthetic Cash Owner,Primary Book,BANK-001,SAR,2026-09-01,2026-09-30,100
L91,S1,2026-09-15,2026-09-16,outflow,principal,,,outgoing-inclusive,posted,Synthetic Cash Owner,Primary Book,BANK-001,SAR,2026-09-01,2026-09-30,100
L92,S1,2026-09-15,2026-09-16,outflow,principal,,,outgoing-inclusive,posted,Synthetic Cash Owner,Primary Book,BANK-001,SAR,2026-09-01,2026-09-30,100
L93,S1,2026-09-15,2026-09-16,outflow,principal,,,outgoing-inclusive,posted,Synthetic Cash Owner,Primary Book,BANK-001,SAR,2026-09-01,2026-09-30,100
L94,S1,2026-09-15,2026-09-16,outflow,principal,,,outgoing-inclusive,posted,Synthetic Cash Owner,Primary Book,BANK-001,SAR,2026-09-01,2026-09-30,100
L95,S1,2026-09-15,2026-09-16,outflow,principal,,,outgoing-inclusive,posted,Synthetic Cash Owner,Primary Book,BANK-001,SAR,2026-09-01,2026-09-30,100
L96,S1,2026-09-15,2026-09-16,outflow,principal,,,outgoing-inclusive,posted,Synthetic Cash Owner,Primary Book,BANK-001,SAR,2026-09-01,2026-09-30,100
L97,S1,2026-09-15,2026-09-16,outflow,principal,,,outgoing-inclusive,posted,Synthetic Cash Owner,Primary Book,BANK-001,SAR,2026-09-01,2026-09-30,100
L98,S1,2026-09-15,2026-09-16,outflow,principal,,,outgoing-inclusive,posted,Synthetic Cash Owner,Primary Book,BANK-001,SAR,2026-09-01,2026-09-30,100
L99,S1,2026-09-15,2026-09-16,outflow,principal,,,outgoing-inclusive,posted,Synthetic Cash Owner,Primary Book,BANK-001,SAR,2026-09-01,2026-09-30,100
L100,S1,2026-09-15,2026-09-16,outflow,principal,,,outgoing-inclusive,posted,Synthetic Cash Owner,Primary Book,BANK-001,SAR,2026-09-01,2026-09-30,100
